N Size,Optimal Time,Worst Case Time,Average Sort Time,Run #1,Run #2,Run #3,Run #4,Run #5
10;4.54e-07;1.277e-06;5.336e-07;8.4e-07;5.1e-07;4.34e-07;4.59e-07;4.25e-07;
50;1.02492e-05;2.84438e-05;1.02826e-05;1.0362e-05;1.0397e-05;1.0198e-05;1.036e-05;1.0096e-05;
100;3.97132e-05;0.000146851;3.96426e-05;3.9822e-05;3.9732e-05;3.9842e-05;3.94e-05;3.9417e-05;
500;0.000982291;0.00291315;0.000980537;0.00100452;0.000980546;0.000956377;0.000984177;0.000977065;
1000;0.00352616;0.00956671;0.00466817;0.0104597;0.00326629;0.00323907;0.00320088;0.00317485;
5000;0.0918397;0.297764;0.0839473;0.0800959;0.0928829;0.0798217;0.0825368;0.0843991;
10000;0.358656;1.05761;0.355999;0.332691;0.352201;0.366266;0.36312;0.365715;
50000;8.17148;25.7582;8.13832;8.2083;8.1103;8.05497;8.04048;8.27755;
