N Size,Optimal Time,Worst Case Time,Average Sort Time,Run #1,Run #2,Run #3,Run #4,Run #5
10;5.234e-07;1.213e-06;6.068e-07;9.73e-07;6.47e-07;4.93e-07;4.76e-07;4.45e-07;
50;1.14096e-05;3.06868e-05;1.15668e-05;1.1568e-05;1.155e-05;1.1359e-05;1.1618e-05;1.1739e-05;
100;4.45828e-05;0.00011602;4.42808e-05;4.6211e-05;4.4534e-05;4.437e-05;4.4985e-05;4.1304e-05;
500;0.00106325;0.00343656;0.00109645;0.00108093;0.00125288;0.0011936;0.00120929;0.000745525;
1000;0.00636957;0.0120365;0.00432054;0.00493061;0.00472353;0.00306126;0.00352847;0.00535884;
5000;0.0861999;0.248123;0.0863302;0.121401;0.0760428;0.0761786;0.0795317;0.0784973;
10000;0.317191;0.98119;0.313763;0.322637;0.306809;0.310021;0.314108;0.315241;
50000;10.2275;30.7748;9.73337;7.94134;9.35543;11.1033;9.83384;10.4329;
